{"cameraMode":{"drawMode":0,"name":"Shaded","section":"Shading Mode"},"sceneLighting":true,"audioPlay":false,"sceneViewState":{"m_AlwaysRefresh":false,"showFog":true,"showSkybox":true,"showFlares":true,"showImageEffects":true,"showParticleSystems":true,"showVisualEffectGraphs":true,"m_FxEnabled":true},"in2DMode":false,"pivot":{"x":-0.4431953430175781,"y":-3.813159942626953,"z":7.6106109619140629},"rotation":{"x":0.06689654290676117,"y":0.8199113011360169,"z":-0.09785371273756027,"w":0.5601484775543213},"size":31.823732376098634,"orthographic":false}